{
  "roc_auc": 0.8851609757476396,
  "pr_auc": 0.7211695451778577,
  "f1": 0.6955153422501967,
  "bal_acc": 0.8037593984962406,
  "conf_mat": [
    [
      1033,
      297
    ],
    [
      90,
      442
    ]
  ]
}