feature,mean_abs_shap
InternetChannel,1.0038042465372414
Hebrew_prof,0.8982373961578104
YearSurvey,0.31510021333689703
Age,0.22673358463947793
Education,0.21667187754921377
Occupation,0.19443848055671822
AreaLiving,0.1250879346912049
Religion,0.0562409966852123
Gender,0.039528889743634506
Religiosity,0.03200988479042463
