{
  "roc_auc": 0.9146155387389608,
  "pr_auc": 0.7873098573096318,
  "f1": 0.7398591207189701,
  "bal_acc": 0.8371565321074437,
  "conf_mat": [
    [
      3610,
      823
    ],
    [
      248,
      1523
    ]
  ]
}